--Insert Currencies samples
insert into CURRADDON_CURRENCY_DESCRIPTOR(ID, VERSION, CODE, SYMBOL, NAME, ACTIVE, IS_DEFAULT)
    values('62f31cc9-0603-90a8-7634-aa21f2ff5a11', 1, 'USD', 'USD', 'US Dollar', true, true)^

insert into CURRADDON_CURRENCY_DESCRIPTOR(ID, VERSION, CODE, SYMBOL, NAME, ACTIVE, IS_DEFAULT)
    values('62f31cc9-0603-90a8-7634-aa21f2ff5a12', 1, 'EUR', 'EUR', 'Euro', true, false)^

insert into CURRADDON_CURRENCY_DESCRIPTOR(ID, VERSION, CODE, SYMBOL, NAME, ACTIVE, IS_DEFAULT)
    values('62f31cc9-0603-90a8-7634-aa21f2ff5a13', 1, 'RUB', 'руб.', 'Russian Ruble', true, false)^


--Insert currency rates sample
-- RUB <-> USD
insert into CURRADDON_CURRENCY_RATE(ID, VERSION, DATE_, RATE, CURRENCY_ID, TARGET_CURRENCY_ID)
    values('62f31cc9-0603-90a8-7634-aa21f2ff5a21', 1, to_date('25/11/2017 03:00:00', 'DD/MM/YYYY HH24:MI:SS'), 2, '62f31cc9-0603-90a8-7634-aa21f2ff5a11', '62f31cc9-0603-90a8-7634-aa21f2ff5a13')^

insert into CURRADDON_CURRENCY_RATE(ID, VERSION, DATE_, RATE, CURRENCY_ID, TARGET_CURRENCY_ID)
    values('62f31cc9-0603-90a8-7634-aa21f2ff5a22', 1, to_date('25/11/2017 03:00:00', 'DD/MM/YYYY HH24:MI:SS'), 0.5, '62f31cc9-0603-90a8-7634-aa21f2ff5a13', '62f31cc9-0603-90a8-7634-aa21f2ff5a11')^

-- EUR <-> RUB
insert into CURRADDON_CURRENCY_RATE(ID, VERSION, DATE_, RATE, CURRENCY_ID, TARGET_CURRENCY_ID)
    values('62f31cc9-0603-90a8-7634-aa21f2ff5a23', 1, to_date('25/11/2017 03:00:00', 'DD/MM/YYYY HH24:MI:SS'), 3, '62f31cc9-0603-90a8-7634-aa21f2ff5a12', '62f31cc9-0603-90a8-7634-aa21f2ff5a13')^
insert into CURRADDON_CURRENCY_RATE(ID, VERSION, DATE_, RATE, CURRENCY_ID, TARGET_CURRENCY_ID)
    values('62f31cc9-0603-90a8-7634-aa21f2ff5a24', 1, to_date('25/11/2017 03:00:00', 'DD/MM/YYYY HH24:MI:SS'), 0.33, '62f31cc9-0603-90a8-7634-aa21f2ff5a13', '62f31cc9-0603-90a8-7634-aa21f2ff5a12')^

-- USD <-> EUR
insert into CURRADDON_CURRENCY_RATE(ID, VERSION, DATE_, RATE, CURRENCY_ID, TARGET_CURRENCY_ID)
    values('62f31cc9-0603-90a8-7634-aa21f2ff5a25', 1, to_date('25/11/2017 03:00:00', 'DD/MM/YYYY HH24:MI:SS'), 1.2, '62f31cc9-0603-90a8-7634-aa21f2ff5a11', '62f31cc9-0603-90a8-7634-aa21f2ff5a12')^
insert into CURRADDON_CURRENCY_RATE(ID, VERSION, DATE_, RATE, CURRENCY_ID, TARGET_CURRENCY_ID)
    values('62f31cc9-0603-90a8-7634-aa21f2ff5a26', 1, to_date('25/11/2017 03:00:00', 'DD/MM/YYYY HH24:MI:SS'), 0.8, '62f31cc9-0603-90a8-7634-aa21f2ff5a12', '62f31cc9-0603-90a8-7634-aa21f2ff5a11')^

--Old USD -> Others
insert into CURRADDON_CURRENCY_RATE(ID, VERSION, DATE_, RATE, CURRENCY_ID, TARGET_CURRENCY_ID)
    values('62f31cc9-0603-90a8-7634-aa21f2ff5a27', 1, to_date('25/05/2017 03:00:00', 'DD/MM/YYYY HH24:MI:SS'), 0.8, '62f31cc9-0603-90a8-7634-aa21f2ff5a11', '62f31cc9-0603-90a8-7634-aa21f2ff5a12')^
insert into CURRADDON_CURRENCY_RATE(ID, VERSION, DATE_, RATE, CURRENCY_ID, TARGET_CURRENCY_ID)
    values('62f31cc9-0603-90a8-7634-aa21f2ff5a28', 1, to_date('25/05/2017 03:00:00', 'DD/MM/YYYY HH24:MI:SS'), 1, '62f31cc9-0603-90a8-7634-aa21f2ff5a11', '62f31cc9-0603-90a8-7634-aa21f2ff5a13')^


--Insert item samples
insert into CURRADDON_CURRENCY(ID, VERSION, CURRENCY_ID, DATE_, VALUE_)
    values('62f31cc9-0603-90a8-7634-aa21f2ff5a31', 1, '62f31cc9-0603-90a8-7634-aa21f2ff5a11', to_date('26/11/2017 03:00:00', 'DD/MM/YYYY HH24:MI:SS'), 50)^

insert into CURRADDON_CURRENCY(ID, VERSION, CURRENCY_ID, DATE_, VALUE_)
    values('62f31cc9-0603-90a8-7634-aa21f2ff5a32', 1, '62f31cc9-0603-90a8-7634-aa21f2ff5a12', to_date('26/11/2017 03:00:00', 'DD/MM/YYYY HH24:MI:SS'), 150)^

insert into CURRADDON_CURRENCY(ID, VERSION, CURRENCY_ID, DATE_, VALUE_)
    values('62f31cc9-0603-90a8-7634-aa21f2ff5a33', 1, '62f31cc9-0603-90a8-7634-aa21f2ff5a11', to_date('26/11/2017 03:00:00', 'DD/MM/YYYY HH24:MI:SS'), 100)^


insert into CURRENCYADDONDEMO_TRADE_ITEM(ID, VERSION, NAME, BUY_AMOUNT, SELL_AMOUNT_ID)
    values('62f31cc9-0603-90a8-7634-aa21f2ff5a41', 1, 'Chair', 100, '62f31cc9-0603-90a8-7634-aa21f2ff5a31')^

insert into CURRENCYADDONDEMO_TRADE_ITEM(ID, VERSION, NAME, BUY_AMOUNT, SELL_AMOUNT_ID)
    values('62f31cc9-0603-90a8-7634-aa21f2ff5a43', 1, 'Bad', 100, '62f31cc9-0603-90a8-7634-aa21f2ff5a32')^

insert into CURRENCYADDONDEMO_TRADE_ITEM(ID, VERSION, NAME, BUY_AMOUNT, SELL_AMOUNT_ID)
    values('62f31cc9-0603-90a8-7634-aa21f2ff5a42', 1, 'Old Chair', 100, '62f31cc9-0603-90a8-7634-aa21f2ff5a33')^
